Restaurant Name,URL
Aventura,aventura-ann-arbor?osq=Restaurants
Union Rec,union-rec-ann-arbor?osq=Restaurants
First Bite,first-bite-ann-arbor-2?osq=Restaurants
Sava’s,savas-ann-arbor?osq=Restaurants
eat,eat-ann-arbor-2?osq=Restaurants
The Jagged Fork,the-jagged-fork-ann-arbor?osq=Restaurants
Spencer,spencer-ann-arbor-2?osq=Restaurants
Bao Space,bao-space-ann-arbor?osq=Restaurants
Frita Batidos,frita-batidos-ann-arbor?osq=Restaurants
The Seoul,the-seoul-ann-arbor-3?osq=Restaurants
Union Rec,union-rec-ann-arbor?osq=Restaurants
First Bite,first-bite-ann-arbor-2?osq=Restaurants
Sava’s,savas-ann-arbor?osq=Restaurants
eat,eat-ann-arbor-2?osq=Restaurants
The Jagged Fork,the-jagged-fork-ann-arbor?osq=Restaurants
Spencer,spencer-ann-arbor-2?osq=Restaurants
Bao Space,bao-space-ann-arbor?osq=Restaurants
Frita Batidos,frita-batidos-ann-arbor?osq=Restaurants
The Seoul,the-seoul-ann-arbor-3?osq=Restaurants
Mani Osteria & Bar,mani-osteria-and-bar-ann-arbor?osq=Restaurants
First Bite,first-bite-ann-arbor-2?osq=Restaurants
Sava’s,savas-ann-arbor?osq=Restaurants
eat,eat-ann-arbor-2?osq=Restaurants
The Jagged Fork,the-jagged-fork-ann-arbor?osq=Restaurants
Spencer,spencer-ann-arbor-2?osq=Restaurants
Bao Space,bao-space-ann-arbor?osq=Restaurants
Frita Batidos,frita-batidos-ann-arbor?osq=Restaurants
The Seoul,the-seoul-ann-arbor-3?osq=Restaurants
Mani Osteria & Bar,mani-osteria-and-bar-ann-arbor?osq=Restaurants
Root,root-ann-arbor?osq=Restaurants
Sava’s,savas-ann-arbor?osq=Restaurants
eat,eat-ann-arbor-2?osq=Restaurants
The Jagged Fork,the-jagged-fork-ann-arbor?osq=Restaurants
Spencer,spencer-ann-arbor-2?osq=Restaurants
Bao Space,bao-space-ann-arbor?osq=Restaurants
Frita Batidos,frita-batidos-ann-arbor?osq=Restaurants
The Seoul,the-seoul-ann-arbor-3?osq=Restaurants
Mani Osteria & Bar,mani-osteria-and-bar-ann-arbor?osq=Restaurants
Root,root-ann-arbor?osq=Restaurants
Stray Hen Cafe,stray-hen-cafe-ann-arbor-2?osq=Restaurants
eat,eat-ann-arbor-2?osq=Restaurants
The Jagged Fork,the-jagged-fork-ann-arbor?osq=Restaurants
Spencer,spencer-ann-arbor-2?osq=Restaurants
Bao Space,bao-space-ann-arbor?osq=Restaurants
Frita Batidos,frita-batidos-ann-arbor?osq=Restaurants
The Seoul,the-seoul-ann-arbor-3?osq=Restaurants
Mani Osteria & Bar,mani-osteria-and-bar-ann-arbor?osq=Restaurants
Root,root-ann-arbor?osq=Restaurants
Stray Hen Cafe,stray-hen-cafe-ann-arbor-2?osq=Restaurants
Anna’s House - Ann Arbor,annas-house-ann-arbor-ann-arbor-3?osq=Restaurants
The Jagged Fork,the-jagged-fork-ann-arbor?osq=Restaurants
Spencer,spencer-ann-arbor-2?osq=Restaurants
Bao Space,bao-space-ann-arbor?osq=Restaurants
Frita Batidos,frita-batidos-ann-arbor?osq=Restaurants
The Seoul,the-seoul-ann-arbor-3?osq=Restaurants
Mani Osteria & Bar,mani-osteria-and-bar-ann-arbor?osq=Restaurants
Root,root-ann-arbor?osq=Restaurants
Stray Hen Cafe,stray-hen-cafe-ann-arbor-2?osq=Restaurants
Anna’s House - Ann Arbor,annas-house-ann-arbor-ann-arbor-3?osq=Restaurants
Detroit Street Filling Station,detroit-street-filling-station-ann-arbor?osq=Restaurants
Spencer,spencer-ann-arbor-2?osq=Restaurants
Bao Space,bao-space-ann-arbor?osq=Restaurants
Frita Batidos,frita-batidos-ann-arbor?osq=Restaurants
The Seoul,the-seoul-ann-arbor-3?osq=Restaurants
Mani Osteria & Bar,mani-osteria-and-bar-ann-arbor?osq=Restaurants
Root,root-ann-arbor?osq=Restaurants
Stray Hen Cafe,stray-hen-cafe-ann-arbor-2?osq=Restaurants
Anna’s House - Ann Arbor,annas-house-ann-arbor-ann-arbor-3?osq=Restaurants
Detroit Street Filling Station,detroit-street-filling-station-ann-arbor?osq=Restaurants
Miss Kim,miss-kim-ann-arbor?osq=Restaurants
Bao Space,bao-space-ann-arbor?osq=Restaurants
Frita Batidos,frita-batidos-ann-arbor?osq=Restaurants
The Seoul,the-seoul-ann-arbor-3?osq=Restaurants
Mani Osteria & Bar,mani-osteria-and-bar-ann-arbor?osq=Restaurants
Root,root-ann-arbor?osq=Restaurants
Stray Hen Cafe,stray-hen-cafe-ann-arbor-2?osq=Restaurants
Anna’s House - Ann Arbor,annas-house-ann-arbor-ann-arbor-3?osq=Restaurants
Detroit Street Filling Station,detroit-street-filling-station-ann-arbor?osq=Restaurants
Miss Kim,miss-kim-ann-arbor?osq=Restaurants
Evergreen Downtown,evergreen-downtown-ann-arbor?osq=Restaurants
Frita Batidos,frita-batidos-ann-arbor?osq=Restaurants
The Seoul,the-seoul-ann-arbor-3?osq=Restaurants
Mani Osteria & Bar,mani-osteria-and-bar-ann-arbor?osq=Restaurants
Root,root-ann-arbor?osq=Restaurants
Stray Hen Cafe,stray-hen-cafe-ann-arbor-2?osq=Restaurants
Anna’s House - Ann Arbor,annas-house-ann-arbor-ann-arbor-3?osq=Restaurants
Detroit Street Filling Station,detroit-street-filling-station-ann-arbor?osq=Restaurants
Miss Kim,miss-kim-ann-arbor?osq=Restaurants
Evergreen Downtown,evergreen-downtown-ann-arbor?osq=Restaurants
Biercamp,biercamp-ann-arbor?osq=Restaurants
The Seoul,the-seoul-ann-arbor-3?osq=Restaurants
Mani Osteria & Bar,mani-osteria-and-bar-ann-arbor?osq=Restaurants
Root,root-ann-arbor?osq=Restaurants
Stray Hen Cafe,stray-hen-cafe-ann-arbor-2?osq=Restaurants
Anna’s House - Ann Arbor,annas-house-ann-arbor-ann-arbor-3?osq=Restaurants
Detroit Street Filling Station,detroit-street-filling-station-ann-arbor?osq=Restaurants
Miss Kim,miss-kim-ann-arbor?osq=Restaurants
Evergreen Downtown,evergreen-downtown-ann-arbor?osq=Restaurants
Biercamp,biercamp-ann-arbor?osq=Restaurants
Of Rice & Men,of-rice-and-men-ann-arbor-2?osq=Restaurants
Mani Osteria & Bar,mani-osteria-and-bar-ann-arbor?osq=Restaurants